";Jane;Park;200;ADVISOR;"
";Hedda;Wiggins;201;ADVISOR;"
";Hermione;Monroe;202;ADVISOR;"
";Robert;Boone;203;PILOT;"
";Baker;Whitley;204;ADVISOR;"
";Herman;Tanner;205;PILOT;"
";Solomon;Valenzuela;206;ADVISOR;"
";Eagan;Mcintyre;207;ADVISOR;"
";Hop;Francis;208;PILOT;"
";Raya;Castillo;209;ADVISOR;"
";Kaye;Gallegos;210;ADVISOR;"
";Barrett;Combs;211;PILOT;"
";Xyla;Munoz;212;ADVISOR;"
";Steven;Leonard;213;ADVISOR;"
";Sheila;Romero;214;PILOT;"
";Jerome;Dunn;215;ADVISOR;"
";Ariana;Oconnor;216;ADVISOR;"
";Medge;Herman;217;ADVISOR;"
";Lawrence;Hopper;218;ADVISOR;"
";Urielle;Clark;219;PILOT;"
";Rebecca;Owens;220;PILOT;"
";Ifeoma;Chambers;221;PILOT;"
";Amal;Castro;222;ADVISOR;"
";Shana;Gordon;223;PILOT;"
";Joseph;Abbott;224;ADVISOR;"
";Miriam;Charles;225;ADVISOR;"
";Timon;Arnold;226;ADVISOR;"
";Kay;Flowers;227;ADVISOR;"
";Tanek;Glover;228;ADVISOR;"
";David;Rodriguez;229;ADVISOR;"
";Tate;Quinn;230;PILOT;"
";Ronan;Walsh;231;ADVISOR;"
";Amelia;Preston;232;ADVISOR;"
";Clinton;Mcclure;233;PILOT;"
";Wendy;Edwards;234;PILOT;"
";Wanda;Potter;235;ADVISOR;"
";Richard;Wells;236;PILOT;"
";Gay;Hammond;237;PILOT;"
";Iris;Merrill;238;ADVISOR;"
";Ria;Evans;239;PILOT;"
";Tallulah;Mack;240;ADVISOR;"
";Aline;Garner;241;PILOT;"
";Lev;Morgan;242;ADVISOR;"
";Alyssa;Hernandez;243;ADVISOR;"
";Brianna;Mckinney;244;PILOT;"
";Indigo;Dillard;245;ADVISOR;"
";Isaiah;Foley;246;ADVISOR;"
";Tamara;Haley;247;ADVISOR;"
";Nathaniel;Landry;248;ADVISOR;"
";Timon;Lopez;249;ADVISOR;"
";Ryder;Bean;250;PILOT;"
";Lila;Bartlett;251;PILOT;"
";Alexis;Dawson;252;ADVISOR;"
";Hedley;Horn;253;ADVISOR;"
";Clayton;Martin;254;ADVISOR;"
";Dara;Kelley;255;PILOT;"
";Ahmed;Mendoza;256;ADVISOR;"
";Omar;Richardson;257;ADVISOR;"
";Kylie;Bond;258;PILOT;"
";Ferris;Buckley;259;PILOT;"
";Michelle;Ratliff;260;PILOT;"
";Kareem;York;261;PILOT;"
";Caryn;Sutton;262;PILOT;"
";Barclay;Fuentes;263;PILOT;"
";Michelle;Jefferson;264;PILOT;"
";Yuri;Keith;265;PILOT;"
";Lavinia;Dyer;266;PILOT;"
";Randall;Kim;267;PILOT;"
";Gage;Shelton;268;PILOT;"
";Akeem;Manning;269;PILOT;"
";Ila;Kennedy;270;PILOT;"
";Oprah;Velazquez;271;PILOT;"
";Nina;Mcgee;272;PILOT;"
";Malachi;Howe;273;ADVISOR;"
";Jenna;Fitzpatrick;274;ADVISOR;"
";Aileen;Mcclure;275;ADVISOR;"
";Hermione;Gallegos;276;ADVISOR;"
";Chase;Atkinson;277;PILOT;"
";Karina;York;278;PILOT;"
";Sierra;Morse;279;ADVISOR;"
";Shellie;Whitney;280;PILOT;"
";Aaron;Baldwin;281;ADVISOR;"
";Tobias;Sanchez;282;PILOT;"
";Forrest;Alexander;283;PILOT;"
";Bruno;Thomas;284;PILOT;"
";Yasir;Ellis;285;PILOT;"
";Brynn;Brewer;286;ADVISOR;"
";Venus;Zamora;287;PILOT;"
";Brett;Gregory;288;PILOT;"
";Chandler;Dyer;289;PILOT;"
";Ainsley;Moreno;290;PILOT;"
";Reese;Duffy;291;ADVISOR;"
";Sage;Horton;292;PILOT;"
";Ashton;Dorsey;293;PILOT;"
";Eric;Walls;294;PILOT;"
";Magee;Alvarado;295;ADVISOR;"
";Brett;Burke;296;PILOT;"
";Ian;Gutierrez;297;PILOT;"
";Camilla;Ayers;298;ADVISOR;"
";Velma;Wise;299;ADVISOR;"