";David;Ballesteros;2;balles@gmail.com;AIRLINE_ADMIN;SPIRIT;"
";Felipe;Sinisterra;3;sinis@odio.org;COSTUMER_USER;SPIRIT;"
";Gustavo;Villada;4;villada@gmail.org;TOWER_SUPERVISOR;SPIRIT;"
";Manuel;Reyes;5;reyes@hotmail.com;MIGRATION_AGENT;SPIRIT;"
";Avram;Olson;6;Cras@odio.org;TOWER_SUPERVISOR;SPIRIT;"
";Freya;Steele;7;Vestibulum@elementumat.org;AIRPORT_ADMIN;IBERIA;"
";Armand;Rowland;8;risus.Duis.a@pretiumaliquetmetus.org;AIRPORT_ADMIN;DELTA;"
";Sawyer;Rice;9;quis.lectus@Nunc.org;COSTUMER_USER;AMERICAN;"
";Harrison;Valenzuela;10;mus.Aenean@milorem.com;AIRLINE_ADMIN;DELTA;"
";Maris;Saunders;11;Aliquam.gravida@pharetrafelis.net;MIGRATION_AGENT;AMERICAN;"
";Abel;Finch;12;eu.tellus@arcu.net;COSTUMER_USER;JET BLUE;"
";Leigh;Cabrera;13;fringilla.est.Mauris@odioauctor.com;TOWER_SUPERVISOR;AVIANCA;"
";Judith;Doyle;14;iaculis@perinceptoshymenaeos.net;MIGRATION_AGENT;SPIRIT;"
";Arden;Sellers;15;Donec.luctus@nequesedsem.co.uk;TOWER_SUPERVISOR;IBERIA;"
";Len;Scott;16;cursus@elitdictum.net;AIRLINE_ADMIN;IBERIA;"
";Otto;Bradley;17;urna.suscipit.nonummy@elementumpurus.edu;AIRPORT_ADMIN;VIVA AIR;"
";Lars;Farmer;18;ornare.tortor@nec.co.uk;COSTUMER_USER;LATAM;"
";Miriam;Case;19;hendrerit@tinciduntnuncac.ca;AIRLINE_ADMIN;LAN;"
";Dai;Joyner;20;ipsum@enimNuncut.net;AIRPORT_ADMIN;LATAM;"
";Irene;Stephens;21;scelerisque@tristique.edu;AIRLINE_ADMIN;JET BLUE;"
";Aladdin;Yates;22;lorem.lorem@nisl.edu;AIRLINE_ADMIN;DELTA;"
";Nicole;Skinner;23;Proin.dolor@sodales.com;MIGRATION_AGENT;AVIANCA;"
";Peter;Barlow;24;Cras.eu@dolorvitaedolor.edu;COSTUMER_USER;VIVA AIR;"
";Denton;Duke;25;nunc.nulla@velconvallisin.org;MIGRATION_AGENT;AVIANCA;"
";Xenos;King;26;molestie.orci.tincidunt@bibendum.com;AIRPORT_ADMIN;AVIANCA;"
";Zia;Hansen;27;nulla@eueros.ca;AIRLINE_ADMIN;SPIRIT;"
";Anthony;Hampton;28;sollicitudin@augueidante.net;AIRPORT_ADMIN;JET BLUE;"
";Dorothy;Townsend;29;purus.sapien@Fusce.edu;AIRPORT_ADMIN;SPIRIT;"
";Judah;Pugh;30;vitae@egestasrhoncusProin.co.uk;AIRLINE_ADMIN;DELTA;"
";Hiroko;Patterson;31;aliquet@tellusAeneanegestas.org;COSTUMER_USER;JET BLUE;"
";Lani;Vincent;32;scelerisque.sed@Proindolor.edu;MIGRATION_AGENT;JET BLUE;"
";Garth;Farrell;33;Nulla.aliquet.Proin@Duisvolutpatnunc.ca;COSTUMER_USER;SPIRIT;"
";Dominique;Campos;34;est.ac.facilisis@nec.org;MIGRATION_AGENT;DELTA;"
";Myles;Pratt;35;malesuada.vel.venenatis@ProinmiAliquam.co.uk;AIRLINE_ADMIN;IBERIA;"
";Dawn;Trujillo;36;non.sapien@nuncidenim.net;MIGRATION_AGENT;VIVA AIR;"
";Buckminster;Morris;37;eu.sem.Pellentesque@enimcommodohendrerit.net;TOWER_SUPERVISOR;AMERICAN;"
";Taylor;Macias;38;est.congue.a@ut.ca;AIRLINE_ADMIN;VIVA AIR;"
";Anastasia;Patrick;39;eu.nibh@eutempor.ca;COSTUMER_USER;AMERICAN;"
";Lee;Cardenas;40;Nunc.commodo.auctor@nisl.org;AIRLINE_ADMIN;LATAM;"
";Pearl;Calderon;41;ut.eros@Donecvitaeerat.co.uk;AIRPORT_ADMIN;VIVA AIR;"
";Burke;Horton;42;vitae.risus.Duis@conubia.edu;MIGRATION_AGENT;LAN;"
";Jerry;Chambers;43;euismod.ac@bibendumfermentum.net;TOWER_SUPERVISOR;JET BLUE;"
";Noel;Joyce;44;orci.lobortis@sociisnatoque.edu;AIRPORT_ADMIN;DELTA;"
";Jelani;Chen;45;urna.Nullam@pedeNuncsed.edu;MIGRATION_AGENT;VIVA AIR;"
";Colt;Henson;46;Lorem@ultriciesornareelit.net;TOWER_SUPERVISOR;JET BLUE;"
";Jason;Goff;47;mattis@actellusSuspendisse.edu;AIRPORT_ADMIN;LATAM;"
";Cruz;Hartman;48;urna.et.arcu@anteNuncmauris.ca;TOWER_SUPERVISOR;LATAM;"
";Kaden;Dunn;49;Morbi@Vivamus.ca;AIRPORT_ADMIN;SPIRIT;"
";Haley;Horne;50;ante@justo.co.uk;AIRPORT_ADMIN;SPIRIT;"
";Baxter;Odonnell;51;vel.turpis@eleifendnon.ca;TOWER_SUPERVISOR;LATAM;"
";Alvin;Ware;52;dui.Cum@condimentum.org;COSTUMER_USER;IBERIA;"
";Shelby;Macdonald;53;odio.Nam@erat.org;AIRPORT_ADMIN;LATAM;"
";Samantha;Skinner;54;lorem.eu@tellusnon.org;TOWER_SUPERVISOR;AMERICAN;"
";Ivor;Rosa;55;elementum.dui.quis@velnislQuisque.com;AIRLINE_ADMIN;JET BLUE;"
";Nehru;Burnett;56;nunc.sed.pede@mauris.org;AIRPORT_ADMIN;JET BLUE;"
";Wayne;Shaffer;57;tempus.lorem.fringilla@feugiat.com;AIRPORT_ADMIN;LAN;"
";Sopoline;Decker;58;purus.mauris.a@enimsit.co.uk;AIRPORT_ADMIN;IBERIA;"
";Callum;Dejesus;59;tincidunt.pede@suscipitnonummy.co.uk;AIRPORT_ADMIN;SPIRIT;"
";Channing;Bradley;60;nunc.sed@arcuNuncmauris.ca;AIRPORT_ADMIN;LATAM;"
";Mia;Joyner;61;et.malesuada.fames@DonecegestasDuis.ca;MIGRATION_AGENT;VIVA AIR;"
";Rhona;Fitzgerald;62;est@Quisqueimperdiet.com;TOWER_SUPERVISOR;SPIRIT;"
";Victoria;Shelton;63;ullamcorper.eu@Aliquamnecenim.net;AIRPORT_ADMIN;JET BLUE;"
";Steven;Meyer;64;at@aliquamadipiscing.edu;MIGRATION_AGENT;LAN;"
";TaShya;Lowe;65;faucibus.leo.in@pellentesqueSeddictum.com;TOWER_SUPERVISOR;SPIRIT;"
";Macon;Mack;66;ipsum@sit.org;AIRPORT_ADMIN;LAN;"
";Lucian;Oneal;67;nisi.sem.semper@dapibusgravida.co.uk;TOWER_SUPERVISOR;JET BLUE;"
";Gary;Sparks;68;lacus.Quisque@iaculisenim.edu;TOWER_SUPERVISOR;SPIRIT;"
";Jordan;Barrera;69;nibh.lacinia@massaMaurisvestibulum.ca;AIRPORT_ADMIN;VIVA AIR;"
";Quin;Murray;70;ut.quam@massa.edu;COSTUMER_USER;IBERIA;"
";Quinn;Montgomery;71;vulputate@scelerisquescelerisque.net;COSTUMER_USER;AVIANCA;"
";Emery;Campos;72;nisi@iaculis.com;TOWER_SUPERVISOR;IBERIA;"
";Orli;Carter;73;eleifend.vitae.erat@sed.org;AIRLINE_ADMIN;DELTA;"
";Ezra;Rosa;74;erat.Etiam@aclibero.ca;AIRLINE_ADMIN;LAN;"
";Luke;Houston;75;magna@mollisnoncursus.org;COSTUMER_USER;VIVA AIR;"
";Brynne;Fulton;76;dolor.Fusce@magnaa.ca;TOWER_SUPERVISOR;AMERICAN;"
";Ava;Mitchell;77;nulla.Integer.vulputate@congue.org;TOWER_SUPERVISOR;JET BLUE;"
";Alma;Mcknight;78;a.nunc.In@orci.edu;MIGRATION_AGENT;AMERICAN;"
";Mufutau;Weiss;79;Morbi.sit@pedeultrices.org;AIRLINE_ADMIN;LATAM;"
";Britanni;Serrano;80;velit@tristiquealiquet.edu;TOWER_SUPERVISOR;AMERICAN;"
";Phyllis;Little;81;imperdiet.ullamcorper@posuereenimnisl.net;AIRPORT_ADMIN;LAN;"
";Hollee;Calhoun;82;luctus@fermentummetusAenean.com;TOWER_SUPERVISOR;AVIANCA;"
";Erica;Brooks;83;aliquet@semperrutrum.org;AIRLINE_ADMIN;JET BLUE;"
";Kylynn;Garcia;84;neque.Nullam.ut@adipiscing.com;COSTUMER_USER;LAN;"
";Patricia;Buckley;85;arcu.Vestibulum@vitae.net;AIRLINE_ADMIN;AVIANCA;"
";Orson;Chaney;86;consequat.purus@condimentum.ca;AIRLINE_ADMIN;IBERIA;"
";Jeremy;Holder;87;neque.Nullam@eratnonummyultricies.ca;COSTUMER_USER;AMERICAN;"
";Rigel;Nguyen;88;elit.Nulla.facilisi@velturpis.net;AIRLINE_ADMIN;AVIANCA;"
";Paul;Butler;89;hendrerit.consectetuer@turpisvitae.com;MIGRATION_AGENT;JET BLUE;"
";Keith;Decker;90;ac.turpis@gravida.net;COSTUMER_USER;JET BLUE;"
";Joel;Holland;91;ac.feugiat.non@metusVivamuseuismod.edu;AIRLINE_ADMIN;VIVA AIR;"
";Dale;Norris;92;imperdiet.dictum@molestie.ca;TOWER_SUPERVISOR;LATAM;"
";Hannah;Knox;93;congue@fringillaeuismod.org;AIRPORT_ADMIN;IBERIA;"
";Wayne;Roman;94;ac@Nullatinciduntneque.net;COSTUMER_USER;LATAM;"
";Wayne;Carney;95;ut.nulla@enimnon.ca;AIRPORT_ADMIN;VIVA AIR;"
";Irene;Oneill;96;nec@Maecenas.edu;COSTUMER_USER;VIVA AIR;"
";Gage;Newman;97;dolor.sit.amet@adipiscingelit.edu;AIRLINE_ADMIN;JET BLUE;"
";Octavius;Noble;98;Duis@Quisqueimperdiet.com;AIRPORT_ADMIN;AVIANCA;"
";Elton;Mccall;99;leo.elementum.sem@non.ca;AIRPORT_ADMIN;JET BLUE;"
";Jason;Lawrence;100;vel.mauris@turpisAliquamadipiscing.co.uk;COSTUMER_USER;LATAM;"
";Haviva;Preston;101;lectus.a@turpisAliquamadipiscing.co.uk;COSTUMER_USER;JET BLUE;"
";Ahmed;Key;102;Sed.auctor.odio@semegestas.ca;AIRLINE_ADMIN;DELTA;"
";Gil;Gibson;103;sit@sitamet.org;TOWER_SUPERVISOR;VIVA AIR;"
";Eugenia;Rios;104;non@montes.ca;AIRPORT_ADMIN;IBERIA;"
";Kennedy;Hatfield;105;ipsum@augue.ca;MIGRATION_AGENT;JET BLUE;"